text,label
Congratulations! You have won Rs 50000 in our lucky draw. Click this link immediately to claim your reward,SCAM
URGENT: Your bank account is blocked. Share your OTP now to unblock it,SCAM
Dear customer your KYC is expired. Update now at http://bit.ly/kyc-update or account will be suspended,SCAM
You are the winner of a free iPhone. Pay Rs 99 delivery fee to claim,SCAM
Your electricity will be disconnected tonight. Call this number immediately and pay the pending bill,SCAM
Refund of Rs 4500 is pending. Click the link and enter your card details and CVV to receive it,SCAM
Hi it's me. I lost my phone and this is my new number. Please send Rs 10000 to this new UPI id urgently,SCAM
Your parcel is held at customs. Pay a clearance fee of Rs 1500 via UPI to release it,SCAM
Income tax department notice: You owe tax. Pay immediately or face arrest,SCAM
Work from home job! Earn Rs 5000 daily just by liking videos. Send registration fee to start,SCAM
Your SIM will be blocked in 24 hours. Complete verification by sharing Aadhaar and OTP,SCAM
You have received a cashback of Rs 2000. Scan this QR code and enter your UPI PIN to accept,SCAM
Dear sir your credit card reward points will expire today. Redeem now at www.rewards-bank.xyz,SCAM
Lottery winner! You won 25 lakh rupees. Contact us with your bank details to receive the amount,SCAM
Your Netflix account is suspended. Update payment details here immediately http://netflix-billing.top,SCAM
Final warning: your account will be closed. Verify your password and OTP within 2 hours,SCAM
Police case registered against your Aadhaar. Transfer money to settle the case or be arrested,SCAM
Hello dear I am stuck abroad and need money urgently. Send to this new account and I will repay,SCAM
Get a loan approved instantly without documents. Pay processing fee first via UPI,SCAM
Your courier could not be delivered. Click here to reschedule and pay Rs 20 redelivery fee http://tinyurl.com/xk2,SCAM
Boss here. I am in a meeting and need gift cards urgently. Buy and send me the codes now,SCAM
Dear user your PAN card is blocked. Click the link to reactivate immediately,SCAM
You are selected for a government scheme. Send Rs 500 to register and receive Rs 50000,SCAM
Claim your free recharge now. Limited time offer. Click the link and enter your OTP,SCAM
Your bank account has unusual activity. Verify your PIN at this link or the account will be frozen,SCAM
Investment tip: double your money in 7 days guaranteed. Send funds to this UPI id,SCAM
Dear customer your refund is ready. Share the OTP you received to get the money back,SCAM
Your electricity bill is unpaid and power will be cut tonight. Call the officer on this number now,SCAM
Congratulations you are the lucky customer. Pay tax first to receive your gift prize,SCAM
Hi Mom my phone broke and this is my new number. Please transfer money to this account today,SCAM
Your OTP for login is 482913. Do not share this OTP with anyone,LEGITIMATE
Your order has been shipped and will arrive on Friday. Track it in the app,LEGITIMATE
Hi are we still meeting for lunch tomorrow at 1 pm,LEGITIMATE
Your electricity bill for September is Rs 1200. Due date 15 October. Pay through the official app,LEGITIMATE
Reminder: your dentist appointment is on Monday at 10 am,LEGITIMATE
Thanks for your payment of Rs 499. Your receipt is attached,LEGITIMATE
Please submit the lab record before Wednesday. Regards Prof Rao,LEGITIMATE
Your flight is confirmed. Check in opens 24 hours before departure,LEGITIMATE
Happy birthday! Hope you have a great day,LEGITIMATE
The team meeting is moved to 4 pm. Please check the calendar invite,LEGITIMATE
Your bank statement for August is available in net banking,LEGITIMATE
Can you share the notes for the signals and systems class,LEGITIMATE
Your cab will arrive in 5 minutes. Driver name Ravi,LEGITIMATE
Assignment deadline extended to Friday. Please submit on the college portal,LEGITIMATE
Dinner at home tonight. Mom is making biryani,LEGITIMATE
Your library book is due on 10 October. Please return or renew,LEGITIMATE
Your recharge of Rs 299 is successful. Validity 28 days,LEGITIMATE
Hey I will send you the project report by evening,LEGITIMATE
Your package was delivered to the front desk today,LEGITIMATE
Exam hall tickets are available on the university website,LEGITIMATE
Thanks for contacting support. Your ticket number is 88231 and we will reply within 2 days,LEGITIMATE
Rent for this month has been received. Thank you,LEGITIMATE
Reminder: club meeting on Saturday at 5 pm in seminar hall,LEGITIMATE
Your subscription renews next month. You can manage it in account settings,LEGITIMATE
Bro can you lend me your charger for today,LEGITIMATE
Salary has been credited to your account ending 4521,LEGITIMATE
Please find attached the minutes of yesterday's meeting,LEGITIMATE
Your internship offer letter is attached. Please sign and reply by next week,LEGITIMATE
We are going to the movie tonight. Want to join,LEGITIMATE
Your electricity meter reading was taken today. No action is needed,LEGITIMATE
Credit card payment of Rs 3200 received. Thank you,LEGITIMATE